url,timestamp,ssl_valid,domain_age_days,special_chars_count,redirected,popup_detected,javascript_alert_detected,new_tabs_opened
https://dmarket.com/,2025-02-20 13:43:57,True,10459,0,False,False,,0
https://dmarket.com/,2025-02-20 14:19:10,True,10459,0,False,False,,0
https://dmarket.com/,2025-02-20 14:20:05,True,10459,0,False,False,,0
https://dmarket.com/,2025-02-20 14:26:26,True,10459,0,False,False,,0
https://dmarket.com/,2025-02-20 14:29:33,True,10459,0,False,False,,0
https://dmarket.com/,2025-02-20 15:12:59,True,10459,0,False,False,,0
https://dmarket.com/,2025-02-20 15:14:57,True,10459,0,False,False,,0
https://www.mallrakutenshop.com/#/index,2025-02-20 15:40:00,True,1,0,True,False,,0
https://administrador123.wufoo.com/forms/zjpsjqr1aapcuj/,2025-02-20 15:48:02,True,6975,0,False,False,,0
